address,kept_as,retrieved_on,content_type,bytes,sha256
https://webarchive.nrscotland.gov.uk/public/+/archive2021.parliament.scot/parliamentarybusiness/Bills/17994.aspx,bill-pages/parliament-archive2021-bill-17994_retrieved-2026-09-18.html,2026-09-18,text/html,59472,0b9ed123ce59b33e1b32534269f546a2e43ac6843a58b31b6790d291965bc8b1
https://webarchive.nrscotland.gov.uk/public/+/archive2021.parliament.scot/parliamentarybusiness/Bills/17999.aspx,bill-pages/parliament-archive2021-bill-17999_retrieved-2026-09-18.html,2026-09-18,text/html,59623,c6c5b85383639d20442b0acc001b53fadd85a4283089abd1756af65ff0aa7520
https://webarchive.nrscotland.gov.uk/public/+/archive2021.parliament.scot/parliamentarybusiness/Bills/22080.aspx,bill-pages/parliament-archive2021-bill-22080_retrieved-2026-09-18.html,2026-09-18,text/html,66721,1d56259e94ced46b3bbd6752d1f51fbbc43473290ae12fa8f45a4f5eae153f61
https://webarchive.nrscotland.gov.uk/public/+/archive2021.parliament.scot/parliamentarybusiness/Bills/22327.aspx,bill-pages/parliament-archive2021-bill-22327_retrieved-2026-09-18.html,2026-09-18,text/html,60440,442906bdcb666b6b0bf090f9987ed0bd246729749d7b407bb9bc1b33a0f35dce
https://webarchive.nrscotland.gov.uk/public/+/archive2021.parliament.scot/parliamentarybusiness/Bills/22395.aspx,bill-pages/parliament-archive2021-bill-22395_retrieved-2026-09-18.html,2026-09-18,text/html,60342,b56cb08d73e30c5bf3ab98dc49ca56ae6d1fd5668f910d173a13a4c7ca3e1b1c
https://webarchive.nrscotland.gov.uk/public/+/archive2021.parliament.scot/parliamentarybusiness/Bills/25100.aspx,bill-pages/parliament-archive2021-bill-25100_retrieved-2026-09-18.html,2026-09-18,text/html,59538,25651e0d3e367d5d2b9a5d3395715b4d954b97ae0ee167bb4294c91b853ed9d4
https://webarchive.nrscotland.gov.uk/public/+/archive2021.parliament.scot/parliamentarybusiness/Bills/25122.aspx,bill-pages/parliament-archive2021-bill-25122_retrieved-2026-09-18.html,2026-09-18,text/html,59776,49f3afaf63053dc81d6c5d5df903efe408841c604c2e1806977450106251ec5f
https://webarchive.nrscotland.gov.uk/public/+/archive2021.parliament.scot/parliamentarybusiness/Bills/25125.aspx,bill-pages/parliament-archive2021-bill-25125_retrieved-2026-09-18.html,2026-09-18,text/html,64115,0469383d5d1b6d4962203f4a270c655c3c3b7f1b9ccb6ab8a61aef834c2b4cc6
https://webarchive.nrscotland.gov.uk/public/+/archive2021.parliament.scot/parliamentarybusiness/Bills/25277.aspx,bill-pages/parliament-archive2021-bill-25277_retrieved-2026-09-18.html,2026-09-18,text/html,58446,12188e6be72fe6a37c8b6259e609a614bab75dc78aceeab65197b3c9e331c9c9
https://webarchive.nrscotland.gov.uk/public/+/archive2021.parliament.scot/parliamentarybusiness/Bills/25312.aspx,bill-pages/parliament-archive2021-bill-25312_retrieved-2026-09-18.html,2026-09-18,text/html,58815,7d644a3df682bdc384d969fe720b947b119a7c066f0764d085b687ea01c54aaa
https://webarchive.nrscotland.gov.uk/public/+/archive2021.parliament.scot/parliamentarybusiness/Bills/25503.aspx,bill-pages/parliament-archive2021-bill-25503_retrieved-2026-09-18.html,2026-09-18,text/html,60090,cc454a5b678f75fe94838db954e628a61bac8a734ae05e3cf417e2d9d1436e07
https://webarchive.nrscotland.gov.uk/public/+/archive2021.parliament.scot/parliamentarybusiness/Bills/69042.aspx,bill-pages/parliament-archive2021-bill-69042_retrieved-2026-09-18.html,2026-09-18,text/html,66451,13cb03da8d2f0de05ad3445a2fffd68ac61f60d88531d2e198afcbcebf68f263
https://webarchive.nrscotland.gov.uk/public/+/http://archive2021.parliament.scot/parliamentarybusiness/Bills/24953.aspx,bill-pages/parliament-archive2021-bill-24953_retrieved-2026-09-18.html,2026-09-18,text/html,60097,ad228c38a5afd6dcaf6917a87770058b1fffd6b3bd779d414c177b899bd42a50
https://webarchive.nrscotland.gov.uk/public/+/http://archive2021.parliament.scot/parliamentarybusiness/Bills/25259.aspx,bill-pages/parliament-archive2021-bill-25259_retrieved-2026-09-18.html,2026-09-18,text/html,63478,ec4cf03d5773aaa16772292642c23ece96a048442260452cdcd72af16995b2c7
https://www.legislation.gov.uk/asp/2000/4/introduction,legislation/legislation-asp-2000-4-introduction_retrieved-2026-09-18.html,2026-09-18,text/html;charset=utf-8,32990,c0dc7cb46ad5f9d8c61132ea5384de3dec998febf2d28b2563725c0fd7f6df20
https://www.legislation.gov.uk/asp/2001/14/introduction,legislation/legislation-asp-2001-14-introduction_retrieved-2026-09-18.html,2026-09-18,text/html;charset=utf-8,29505,fea6d43b6e8cbdb27f841006b37d69b34b85da53405959e34c2e4dae954b0b67
https://www.legislation.gov.uk/asp/2001/2/introduction,legislation/legislation-asp-2001-2-introduction_retrieved-2026-09-18.html,2026-09-18,text/html;charset=utf-8,33650,0a6d23734f92f8330a5d9be58804865739099bb56b86aff1355b1a7bf4134e66
https://www.legislation.gov.uk/asp/2002/1/introduction,legislation/legislation-asp-2002-1-introduction_retrieved-2026-09-18.html,2026-09-18,text/html;charset=utf-8,30160,c47e1e99ab1a42adc1c7c57ec67be37eb96e9a59571ca9900fe5b42434354a2f
https://www.legislation.gov.uk/asp/2002/2/introduction,legislation/legislation-asp-2002-2-introduction_retrieved-2026-09-18.html,2026-09-18,text/html;charset=utf-8,29594,c2550c1475ca67e7d017d3ff857ee2822ab913db9c55c8013dd3eba4e13f2112
https://www.legislation.gov.uk/asp/2006/15/introduction,legislation/legislation-asp-2006-15-introduction_retrieved-2026-09-18.html,2026-09-18,text/html;charset=utf-8,29429,e3fe58dbc97e489affa409db763cfdcdfa0355ce9f51291bbbde5fc083ef1a6a
https://www.legislation.gov.uk/asp/2007/18/pdfs/asp_20070018_en.pdf,legislation/legislation-asp-2007-18-pdfs-asp-20070018-en-pdf_retrieved-2026-09-18.pdf,2026-09-18,application/pdf,43670,771efaf509a8de1984087593aa6a697dc3a8fc2fc0ce36445abbb48677530584
https://www.legislation.gov.uk/asp/2007/8/introduction,legislation/legislation-asp-2007-8-introduction_retrieved-2026-09-18.html,2026-09-18,text/html;charset=utf-8,31831,faae7d2e6e5a9f69466648a4f0062d6c98c8145d20bb21a2bef2726b6617723e
https://www.legislation.gov.uk/asp/2011/15/introduction,legislation/legislation-asp-2011-15-introduction_retrieved-2026-09-18.html,2026-09-18,text/html;charset=utf-8,30076,6b94eea829216e5f94a963c4b27461a798f954f62689eb18988640ac4b7a757b
https://www.legislation.gov.uk/asp/2011/16/introduction,legislation/legislation-asp-2011-16-introduction_retrieved-2026-09-18.html,2026-09-18,text/html;charset=utf-8,30431,50206c59f40e80b0799d418c4cd8bed90d6b10eda91b3a2f89ece5ae89e02dc1
https://www.legislation.gov.uk/asp/2016/15/contents,legislation/legislation-asp-2016-15-contents_retrieved-2026-09-18.html,2026-09-18,text/html;charset=utf-8,36602,7d1b8079fb97208aac380bb39fc0040cbc9548d7bea2b053fe44e307ef4c997c
https://www.legislation.gov.uk/asp/2016/18/introduction,legislation/legislation-asp-2016-18-introduction_retrieved-2026-09-18.html,2026-09-18,text/html;charset=utf-8,41911,2eb36846955689f05eff6883f2afbaede121219c6ec792e9a65c4c981375c413
https://www.legislation.gov.uk/asp/2019/7/introduction,legislation/legislation-asp-2019-7-introduction_retrieved-2026-09-18.html,2026-09-18,text/html;charset=utf-8,31063,6dde2fad35efe4a2ec59d9091a2f062ec9186dcb31ab1ed7b953ec3743c2548c
https://www.legislation.gov.uk/asp/2021/1/contents,legislation/legislation-asp-2021-1-contents_retrieved-2026-09-18.html,2026-09-18,text/html;charset=utf-8,29179,f1499544402e9bbb1f7fa7bed6806fb959f48a3e5d56ebcb8ba4da67bc51d163
https://www.legislation.gov.uk/asp/2021/1/enacted,legislation/legislation-asp-2021-1-enacted_retrieved-2026-09-18.html,2026-09-18,text/html;charset=utf-8,65214,210ebd2f9a7676dfed0c29cf149805f97487f677c081544a5923f658e6beccee
https://www.legislation.gov.uk/asp/2021/20/introduction/enacted,legislation/legislation-asp-2021-20-introduction-enacted_retrieved-2026-09-18.html,2026-09-18,text/html;charset=utf-8,26335,861e4f45b4a561c295d26ef8fc04bab7b7f6d20c0f0d53809b5305703e8707c8
https://www.legislation.gov.uk/asp/2021/9/enacted,legislation/legislation-asp-2021-9-enacted_retrieved-2026-09-18.html,2026-09-18,text/html;charset=utf-8,360173,cf77fc69c4a07f05a68fbb75babfda686c494a79ed1feae697e698694d23f655
https://www.legislation.gov.uk/asp/2022/1/enacted,legislation/legislation-asp-2022-1-enacted_retrieved-2026-09-18.html,2026-09-18,text/html;charset=utf-8,35845,33a1adc475a6e398f6aec098ac5034e87f7582da1782abb2a7b092f92aceb764
https://www.legislation.gov.uk/asp/2022/2/contents/enacted,legislation/legislation-asp-2022-2-contents-enacted_retrieved-2026-09-18.html,2026-09-18,text/html;charset=utf-8,25410,c7459030de2ff4467f691ec4ce29bec28c1f2c5f0cf5d89e3ad87eaa87e950cc
https://www.legislation.gov.uk/asp/2026/1/introduction/enacted,legislation/legislation-asp-2026-1-introduction-enacted_retrieved-2026-09-18.html,2026-09-18,text/html;charset=utf-8,26475,81af32a9a771d45dd5f95c0c0e0466eb92ba6a8a4c8e5bd57cdb9cdecf0ee5c1
https://www.legislation.gov.uk/asp/2026/13/introduction/enacted,legislation/legislation-asp-2026-13-introduction-enacted_retrieved-2026-09-18.html,2026-09-18,text/html;charset=utf-8,26992,98b0d72d27f78cca17c5547890e6cfc474851451f4005bd9ee75b80e37a19e3d
https://www.legislation.gov.uk/asp/2026/14/introduction/enacted,legislation/legislation-asp-2026-14-introduction-enacted_retrieved-2026-09-18.html,2026-09-18,text/html;charset=utf-8,26604,d41e9aba9fc2b7393a3457ce2c03d1543aa65dd0888207d3582feb2a17093ba7
https://www.legislation.gov.uk/asp/2026/15/introduction/enacted,legislation/legislation-asp-2026-15-introduction-enacted_retrieved-2026-09-18.html,2026-09-18,text/html;charset=utf-8,26548,fc685c30f39219be392c8f196946774f9a661cbcab0181adb56c733d478a34ab
https://www.legislation.gov.uk/asp/2026/16/introduction/enacted,legislation/legislation-asp-2026-16-introduction-enacted_retrieved-2026-09-18.html,2026-09-18,text/html;charset=utf-8,25166,5e51c77690b2eb504fbf90eb5df4ae5a84f48dba2e4f1c717cc563ecb1c41eb2
https://www.legislation.gov.uk/asp/2026/17/introduction/enacted,legislation/legislation-asp-2026-17-introduction-enacted_retrieved-2026-09-18.html,2026-09-18,text/html;charset=utf-8,26595,59e7b53539d434b5921f37ce4492198fa76f9485749888d55e72170b50eb17b5
https://www.legislation.gov.uk/asp/2026/18/introduction/enacted,legislation/legislation-asp-2026-18-introduction-enacted_retrieved-2026-09-18.html,2026-09-18,text/html;charset=utf-8,26699,3cdc5327e080dc1b72b67e0ff54ece760a2bdc4ad5cfd03d95a357e3841f9355
https://www.legislation.gov.uk/asp/2026/19/introduction/enacted,legislation/legislation-asp-2026-19-introduction-enacted_retrieved-2026-09-18.html,2026-09-18,text/html;charset=utf-8,26449,8dd1e076da580bce7b7e460e45b3f3b4df14a7b3f6ff87f05f6d9e8f0e0b24ec
https://www.legislation.gov.uk/asp/2026/2/introduction/enacted,legislation/legislation-asp-2026-2-introduction-enacted_retrieved-2026-09-18.html,2026-09-18,text/html;charset=utf-8,26376,6468d5b2c2369515e505649409edc4e29cfc2a5465c69f328310d9f0dca0333d
https://www.parliament.scot/api/sitecore/CustomMedia/OfficialReport?meetingId=2733,official-report/parliament-official-report-meeting-2733_retrieved-2026-09-18.pdf,2026-09-18,application/pdf,182156,02283a5f44fc5f77bedc2cdbe2d60b61cf0ed9ed30397c2eb91185ca80a1bc7b
https://www.parliament.scot/api/sitecore/CustomMedia/OfficialReport?meetingId=4805,official-report/parliament-official-report-meeting-4805_retrieved-2026-09-18.pdf,2026-09-18,application/pdf,532856,aa31f3e93b1dadbf9f7c94d7b4f82640a98c4ede2775e0ac2232e5fc9ac2cd22
https://www.parliament.scot/api/sitecore/CustomMedia/OfficialReport?meetingId=4843,official-report/parliament-official-report-meeting-4843_retrieved-2026-09-18.pdf,2026-09-18,application/pdf,385658,7b0c1e5e4c61caf912f20ffedddf8ddeb7c554ae63e31e4ace9a82eea16e5e9a
https://www.parliament.scot/api/sitecore/CustomMedia/OfficialReport?meetingId=6031,official-report/parliament-official-report-meeting-6031_retrieved-2026-09-18.pdf,2026-09-18,application/pdf,886410,42eb1dcebd4c0207569e9c89828011f05d82a53e818f80bbbe49d582306c51ab
https://www.parliament.scot/api/sitecore/CustomMedia/OfficialReport?meetingId=6093,official-report/parliament-official-report-meeting-6093_retrieved-2026-09-18.pdf,2026-09-18,application/pdf,735603,9ba341513c04618008b7e54d082376aef18e103750e88465716b3f11c0168900
https://www.parliament.scot/api/sitecore/CustomMedia/OfficialReport?meetingId=6230,official-report/parliament-official-report-meeting-6230_retrieved-2026-09-18.pdf,2026-09-18,application/pdf,939908,197c12303500dca03d06d361d79dc9be72d9e4d97262e14b98a254cd3de0e18b
https://www.parliament.scot/bills-and-laws/bills/s1/adults-with-incapacity-scotland-bill,bill-pages/parliament-bill-s1-adults-with-incapacity-scotland-bill_retrieved-2026-09-18.html,2026-09-18,text/html; charset=utf-8,157977,0691cf826846c1ee737685ba8f9997931ef8c216e354a0ce7c4131bc9d3c2759
https://www.parliament.scot/bills-and-laws/bills/s1/family-homes-and-homelessness-scotland-bill,bill-pages/parliament-bill-s1-family-homes-and-homelessness-scotland-bill_retrieved-2026-09-18.html,2026-09-18,text/html; charset=utf-8,156826,dba657d3aef6248c714e2320e9fd68de5821ecb7dcccf9fd9ef9e455a195512e
https://www.parliament.scot/bills-and-laws/bills/s1/international-criminal-court-scotland-bill,bill-pages/parliament-bill-s1-international-criminal-court-scotland-bill_retrieved-2026-09-18.html,2026-09-18,text/html; charset=utf-8,157906,8c8b24b1f25a90e419245f3c0f56f345f322227727e006043a922569fa60bb4b
https://www.parliament.scot/bills-and-laws/bills/s1/robin-rigg-offshore-wind-farm-navigation-and-fishing-scotland-bill-session-1,bill-pages/parliament-bill-s1-robin-rigg-offshore-wind-farm-navigation-and-fishing-scotland-bill-session-1_retrieved-2026-09-18.html,2026-09-18,text/html; charset=utf-8,157380,049e19c69540cb4010d03bdd14ffeb092230d074773681f1c8fb7e2a9ac7f7b2
https://www.parliament.scot/bills-and-laws/bills/s1/stirling-alloa-kincardine-railway-and-linked-improvements-bill-session-1,bill-pages/parliament-bill-s1-stirling-alloa-kincardine-railway-and-linked-improvements-bill-session-1_retrieved-2026-09-18.html,2026-09-18,text/html; charset=utf-8,157063,c622ed11bc4db5136a8d6ab6b30119fc9db33f78444804163a1accaca8fe1d72
https://www.parliament.scot/bills-and-laws/bills/s1/tobacco-advertising-and-promotion-scotland-bill,bill-pages/parliament-bill-s1-tobacco-advertising-and-promotion-scotland-bill_retrieved-2026-09-18.html,2026-09-18,text/html; charset=utf-8,156850,05c2e461e6562d5b2b5413089a81ca650fc5bd8c7b1da3bc2d4bada83856d5e7
https://www.parliament.scot/bills-and-laws/bills/s1/water-industry-scotland-bill,bill-pages/parliament-bill-s1-water-industry-scotland-bill_retrieved-2026-09-18.html,2026-09-18,text/html; charset=utf-8,157707,8999adf4ef130dd3d0d29116cfd83e05f3cd3076c0d3848248ffd7a6dc50281b
https://www.parliament.scot/bills-and-laws/bills/s2/fire-sprinklers-in-residential-premises-scotland-bill,bill-pages/parliament-bill-s2-fire-sprinklers-in-residential-premises-scotland-bill_retrieved-2026-09-18.html,2026-09-18,text/html; charset=utf-8,157376,060c2733e7c845f43774a587a34be21035d097899c2244092c7ba25a6130b5af
https://www.parliament.scot/bills-and-laws/bills/s2/prohibition-of-smoking-in-regulated-areas-scotland-bill,bill-pages/parliament-bill-s2-prohibition-of-smoking-in-regulated-areas-scotland-bill_retrieved-2026-09-18.html,2026-09-18,text/html; charset=utf-8,157420,ce9b90c60f64862b312756866ea2979b47fda9d121374ebd6be90d8a771403f2
https://www.parliament.scot/bills-and-laws/bills/s2/prostitution-tolerance-zones-scotland-bill,bill-pages/parliament-bill-s2-prostitution-tolerance-zones-scotland-bill_retrieved-2026-09-18.html,2026-09-18,text/html; charset=utf-8,157276,c43a78751fff0950aba529625d25261d77fdd0b61e1864859aeb1b28ad660f88
https://www.parliament.scot/bills-and-laws/bills/s2/senior-judiciary-vacancies-and-incapacity-scotland-bill,bill-pages/parliament-bill-s2-senior-judiciary-vacancies-and-incapacity-scotland-bill_retrieved-2026-09-18.html,2026-09-18,text/html; charset=utf-8,157981,a21fecf9795160348745b13edbc2f3f492876e29603f9610bcbb80752735b168
https://www.parliament.scot/bills-and-laws/bills/s3/criminal-procedure-legal-assistance-detention-and-appeals-scotland-bill,bill-pages/parliament-bill-s3-criminal-procedure-legal-assistance-detention-and-appeals-scotland-bill_retrieved-2026-09-18.html,2026-09-18,text/html; charset=utf-8,158168,82f500ccf2a68de659f1f2d6de0593e36b6b3f8c86d0ed86a6e2896d0f0d3271
https://www.parliament.scot/bills-and-laws/bills/s4/inquiries-into-deaths-scotland-bill,bill-pages/parliament-bill-s4-inquiries-into-deaths-scotland-bill_retrieved-2026-09-18.html,2026-09-18,text/html; charset=utf-8,157169,0995b263a185ccb688e84efd84602f597e38c8e68909906c065ac2df21a3263b
https://www.parliament.scot/bills-and-laws/bills/s5/children-and-young-people-information-sharing-scotland-bill,bill-pages/parliament-bill-s5-children-and-young-people-information-sharing-scotland-bill_retrieved-2026-09-18.html,2026-09-18,text/html; charset=utf-8,190287,8b636a304a80987257c64918b5c63ff96646510159ff0c18b48573582ba0d302
https://www.parliament.scot/bills-and-laws/bills/s5/civil-partnership-scotland-bill,bill-pages/parliament-bill-s5-civil-partnership-scotland-bill_retrieved-2026-09-18.html,2026-09-18,text/html; charset=utf-8,206771,c4aa001cb8980a1ae80327cb8e50cce0c87fbb860bba03edf252603af2d09b6e
https://www.parliament.scot/bills-and-laws/bills/s5/disabled-children-and-young-people-transitions-to-adulthood-scotland-bill,bill-pages/parliament-bill-s5-disabled-children-and-young-people-transitions-to-adulthood-scotland-bill_retrieved-2026-09-18.html,2026-09-18,text/html; charset=utf-8,181363,964779583286637fa697ac16c106c27645adf4b5bf7ac02e7c482b973d448a67
https://www.parliament.scot/bills-and-laws/bills/s5/domestic-abuse-protection-scotland-bill,bill-pages/parliament-bill-s5-domestic-abuse-protection-scotland-bill_retrieved-2026-09-18.html,2026-09-18,text/html; charset=utf-8,201917,e1c94b4f3a62a6073923e020cf7bcb29ad4b42dfaf2fbffffe1d93d6a4d5d7d4
https://www.parliament.scot/bills-and-laws/bills/s5/fair-rents-scotland-bill,bill-pages/parliament-bill-s5-fair-rents-scotland-bill_retrieved-2026-09-18.html,2026-09-18,text/html; charset=utf-8,185162,1ad52f90a73628c91b29787cc05cca8cd5dd559111b5625c599c97506cbea474
https://www.parliament.scot/bills-and-laws/bills/s5/liability-for-nhs-charges-treatment-of-industrial-disease-scotland-bill,bill-pages/parliament-bill-s5-liability-for-nhs-charges-treatment-of-industrial-disease-scotland-bill_retrieved-2026-09-18.html,2026-09-18,text/html; charset=utf-8,185451,686ba9cece3aa4d45d5aca395dd4ca87ca95c285be073533a33c5662cd40f106
https://www.parliament.scot/bills-and-laws/bills/s5/solicitors-in-the-supreme-courts-of-scotland-amendment-bill,bill-pages/parliament-bill-s5-solicitors-in-the-supreme-courts-of-scotland-amendment-bill_retrieved-2026-09-18.html,2026-09-18,text/html; charset=utf-8,196234,fe66caf5e4119d27e1f87be147e4783d2550b4524bf88bd3d5a4c432a486ec6d
https://www.parliament.scot/bills-and-laws/bills/s5/travelling-funfairs-licensing-scotland-bill,bill-pages/parliament-bill-s5-travelling-funfairs-licensing-scotland-bill_retrieved-2026-09-18.html,2026-09-18,text/html; charset=utf-8,186667,60bc37d03ead34d26b625333dc89a34b438cb359852252eab50f765ecb1e65cc
https://www.parliament.scot/bills-and-laws/bills/s5/welfare-of-dogs-scotland-bill-session-5,bill-pages/parliament-bill-s5-welfare-of-dogs-scotland-bill-session-5_retrieved-2026-09-18.html,2026-09-18,text/html; charset=utf-8,183688,8d1e993d4bd90d5100f01cfef1aa9aeac191ca3c5ae4eda6a2dbacef8e03cbfa
https://www.parliament.scot/bills-and-laws/bills/s6/building-safety-levy-scotland-bill,bill-pages/parliament-bill-s6-building-safety-levy-scotland-bill_retrieved-2026-09-18.html,2026-09-18,text/html; charset=utf-8,223929,d66951683f2dacfb0cbdb32054df018a4819cee742f7f6267cfe3f7a0b30fe97
https://www.parliament.scot/bills-and-laws/bills/s6/commissioner-for-older-people-scotland-bill,bill-pages/parliament-bill-s6-commissioner-for-older-people-scotland-bill_retrieved-2026-09-18.html,2026-09-18,text/html; charset=utf-8,185447,a5a806b0f9a22ccbdc21d7044809f2666185d4291a9506a8d8a305644d7a0746
https://www.parliament.scot/bills-and-laws/bills/s6/desecration-of-war-memorials-scotland-bill,bill-pages/parliament-bill-s6-desecration-of-war-memorials-scotland-bill_retrieved-2026-09-18.html,2026-09-18,text/html; charset=utf-8,192253,2826c5edb0cc96216bf8184d059e246706a5d55611ff3f7235382ed4d5aca677
https://www.parliament.scot/bills-and-laws/bills/s6/disability-commissioner-scotland-bill,bill-pages/parliament-bill-s6-disability-commissioner-scotland-bill_retrieved-2026-09-18.html,2026-09-18,text/html; charset=utf-8,205999,a8ae2367fdddd1429a5c70dec471956d3cade60462ea5a2386daf1a83ac07357
https://www.parliament.scot/bills-and-laws/bills/s6/ecocide-scotland-bill,bill-pages/parliament-bill-s6-ecocide-scotland-bill_retrieved-2026-09-18.html,2026-09-18,text/html; charset=utf-8,224483,5221f65efc60c10c8539b76544de63d621893ea65385324cf9f987816eeb470f
https://www.parliament.scot/bills-and-laws/bills/s6/freedom-of-information-reform-scotland-bill,bill-pages/parliament-bill-s6-freedom-of-information-reform-scotland-bill_retrieved-2026-09-18.html,2026-09-18,text/html; charset=utf-8,216318,26c64a6da50ef07a8b7dd2eaeef8a0fc4c4d2586ef5a0d9ffe4485dea62ac56f
https://www.parliament.scot/bills-and-laws/bills/s6/leases-automatic-continuation-etc-scotland-bill,bill-pages/parliament-bill-s6-leases-automatic-continuation-etc-scotland-bill_retrieved-2026-09-18.html,2026-09-18,text/html; charset=utf-8,199575,f658829d6343dd3664f775d94e9fe269a3c7a86a7121588b4a2c96ae7c794052
https://www.parliament.scot/bills-and-laws/bills/s6/prevention-of-domestic-abuse-scotland-bill,bill-pages/parliament-bill-s6-prevention-of-domestic-abuse-scotland-bill_retrieved-2026-09-18.html,2026-09-18,text/html; charset=utf-8,204374,6774292de6656b626561da3b58dd363a41f28110a016f7a12a518c099fe98160
https://www.parliament.scot/chamber-and-committees/official-report/search-what-was-said-in-parliament/meeting-of-parliament-01-02-2006?meeting=4631&iob=36271,official-report/parliament-official-report-01-02-2006-meeting-4631_retrieved-2026-09-18.html,2026-09-18,text/html; charset=utf-8,180242,47cff260a782ed04b99470192d15e490c64a677e0cf120b6404889a8b4a037da
https://www.parliament.scot/chamber-and-committees/official-report/search-what-was-said-in-parliament/meeting-of-parliament-01-03-2016?meeting=10400&iob=95714,official-report/parliament-official-report-01-03-2016-meeting-10400_retrieved-2026-09-18.html,2026-09-18,text/html; charset=utf-8,228659,f3a1688b58d1d127b3cb71c422046c6a3f3d95b7c7157b0d47a6d4b504e92403
https://www.parliament.scot/chamber-and-committees/official-report/search-what-was-said-in-parliament/meeting-of-parliament-03-02-2026?meeting=20044&iob=225275,official-report/parliament-official-report-03-02-2026-meeting-20044_retrieved-2026-09-18.html,2026-09-18,text/html; charset=utf-8,193577,58478032d4c4af913c889ff319c728435bdce0655941132774f7f0402a8ffb24
https://www.parliament.scot/chamber-and-committees/official-report/search-what-was-said-in-parliament/meeting-of-parliament-04-02-2016?meeting=10353&iob=95300,official-report/parliament-official-report-04-02-2016-meeting-10353_retrieved-2026-09-18.html,2026-09-18,text/html; charset=utf-8,185494,03ad53985a0dfbc7adcdd86f88cfb54d22b7a57ab287fb8d642c3b12e45588e4
https://www.parliament.scot/chamber-and-committees/official-report/search-what-was-said-in-parliament/meeting-of-parliament-06-02-2003?meeting=4426&iob=31672,official-report/parliament-official-report-06-02-2003-meeting-4426_retrieved-2026-09-18.html,2026-09-18,text/html; charset=utf-8,222370,4a5c069aca4b5c7c61592005c24d353de830935f622954955105dceff9628fe5
https://www.parliament.scot/chamber-and-committees/official-report/search-what-was-said-in-parliament/meeting-of-parliament-06-03-2003?meeting=4434&iob=31842,official-report/parliament-official-report-06-03-2003-meeting-4434_retrieved-2026-09-18.html,2026-09-18,text/html; charset=utf-8,223709,f4985462ee2c9a817d85e8aab1c827f44ef937a3c87771960e23283a35b67688
https://www.parliament.scot/chamber-and-committees/official-report/search-what-was-said-in-parliament/meeting-of-parliament-07-02-2002?meeting=4356&iob=30376,official-report/parliament-official-report-07-02-2002-meeting-4356_retrieved-2026-09-18.html,2026-09-18,text/html; charset=utf-8,256334,dc66db5261f8db3ddaf9b4b7e66b0c13b28090fc790a283f263881b60c83a969
https://www.parliament.scot/chamber-and-committees/official-report/search-what-was-said-in-parliament/meeting-of-parliament-09-02-2016?meeting=10362&iob=95337,official-report/parliament-official-report-09-02-2016-meeting-10362_retrieved-2026-09-18.html,2026-09-18,text/html; charset=utf-8,216707,1b2b2a9cd806e3ee7f06aa18dbbdb665832f37078d20fa3cbf118583c8a36528
https://www.parliament.scot/chamber-and-committees/official-report/search-what-was-said-in-parliament/meeting-of-parliament-09-10-2025?meeting=16626&iob=141998,official-report/parliament-official-report-09-10-2025-meeting-16626_retrieved-2026-09-18.html,2026-09-18,text/html; charset=utf-8,247106,b69a4ac1dbae2146e0a2be22da3daffe0639aa3014b74d8551132b7fd5699ec0
https://www.parliament.scot/chamber-and-committees/official-report/search-what-was-said-in-parliament/meeting-of-parliament-09-11-2006?meeting=4684&iob=37614,official-report/parliament-official-report-09-11-2006-meeting-4684_retrieved-2026-09-18.html,2026-09-18,text/html; charset=utf-8,266604,1c5ce7911bec18cef29238d31c52571c670a962a03e841d5bdcd28f1b6064a5b
https://www.parliament.scot/chamber-and-committees/official-report/search-what-was-said-in-parliament/meeting-of-parliament-13-06-2019?meeting=12183&iob=110075,official-report/parliament-official-report-13-06-2019-meeting-12183_retrieved-2026-09-18.html,2026-09-18,text/html; charset=utf-8,184992,9718e13ab12f72713d359ef9016a5e6a445e122b44fdcf29a251b24114836b9d
https://www.parliament.scot/chamber-and-committees/official-report/search-what-was-said-in-parliament/meeting-of-parliament-17-03-2026?meeting=20140&iob=224973,official-report/parliament-official-report-17-03-2026-meeting-20140_retrieved-2026-09-18.html,2026-09-18,text/html; charset=utf-8,235684,59ec4d0ce465bd41b95f2b9bd799f6a57a7c63152729d8152a2c91f16970919b
https://www.parliament.scot/chamber-and-committees/official-report/search-what-was-said-in-parliament/meeting-of-parliament-18-04-2024?meeting=15804&iob=134939,official-report/parliament-official-report-18-04-2024-meeting-15804_retrieved-2026-09-18.html,2026-09-18,text/html; charset=utf-8,186137,48517a5eb0c3d7350c361c12554fcfb33935093f3324f0898c54c89c8ad88254
https://www.parliament.scot/chamber-and-committees/official-report/search-what-was-said-in-parliament/meeting-of-parliament-20-06-2002?meeting=4386&iob=30926,official-report/parliament-official-report-20-06-2002-meeting-4386_retrieved-2026-09-18.html,2026-09-18,text/html; charset=utf-8,272374,d053cbf138e1438825b0081f41e975e73c10b14b1a152b6db21ddd05ae814865
https://www.parliament.scot/chamber-and-committees/official-report/search-what-was-said-in-parliament/meeting-of-parliament-20-12-2006?meeting=4695&iob=37886,official-report/parliament-official-report-20-12-2006-meeting-4695_retrieved-2026-09-18.html,2026-09-18,text/html; charset=utf-8,204097,8d8a49d84af43fab079409499c454564dee2db4e95ad54a7f245ef3b1a20f4b6
https://www.parliament.scot/chamber-and-committees/official-report/search-what-was-said-in-parliament/meeting-of-parliament-21-01-2021?meeting=13068&iob=118279,official-report/parliament-official-report-21-01-2021-meeting-13068_retrieved-2026-09-18.html,2026-09-18,text/html; charset=utf-8,196726,c43bb75e98a3f0da4e0d0bd03d56bcfff3479c667353c08f83ecc960f95907d4
https://www.parliament.scot/chamber-and-committees/official-report/search-what-was-said-in-parliament/meeting-of-parliament-21-03-2007?meeting=4717&iob=38461,official-report/parliament-official-report-21-03-2007-meeting-4717_retrieved-2026-09-18.html,2026-09-18,text/html; charset=utf-8,179971,d0bdec9ff4e7131a2b4e4f8d2b0988b22fdd62b4b4fce371782b428a6468309a
https://www.parliament.scot/chamber-and-committees/official-report/search-what-was-said-in-parliament/meeting-of-parliament-22-01-2026?meeting=20020&iob=202028,official-report/parliament-official-report-22-01-2026-meeting-20020_retrieved-2026-09-18.html,2026-09-18,text/html; charset=utf-8,198940,73f393930f8cd890cfe9263ef57c63550bd30c7c65c14d25f379d9c43615b693
https://www.parliament.scot/chamber-and-committees/official-report/search-what-was-said-in-parliament/meeting-of-parliament-23-11-2023?meeting=15565&iob=132856,official-report/parliament-official-report-23-11-2023-meeting-15565_retrieved-2026-09-18.html,2026-09-18,text/html; charset=utf-8,212081,762253487601b395573e91d910f07cf613d0e593cae36d8fc3d447a0a9e10e05
https://www.parliament.scot/chamber-and-committees/official-report/search-what-was-said-in-parliament/meeting-of-parliament-24-02-2026?meeting=20092&iob=224668,official-report/parliament-official-report-24-02-2026-meeting-20092_retrieved-2026-09-18.html,2026-09-18,text/html; charset=utf-8,195993,a6f2b325aeb013a4358c33eabf0994b4a879a06c18c66a144786ae1c84844003
https://www.parliament.scot/chamber-and-committees/official-report/search-what-was-said-in-parliament/meeting-of-parliament-25-01-2006?meeting=4629&iob=36212,official-report/parliament-official-report-25-01-2006-meeting-4629_retrieved-2026-09-18.html,2026-09-18,text/html; charset=utf-8,181195,3b035f72230e52fa3ec3188796c19d82f678b028ee3d91aa2d7fba58305e329d
https://www.parliament.scot/chamber-and-committees/official-report/search-what-was-said-in-parliament/meeting-of-parliament-25-02-2016?meeting=10386&iob=95620,official-report/parliament-official-report-25-02-2016-meeting-10386_retrieved-2026-09-18.html,2026-09-18,text/html; charset=utf-8,213977,34a4ca057b323ef7475a1730a918b1bfc22ba564f47cbe972ebfd8840c9e7b57
https://www.parliament.scot/chamber-and-committees/official-report/search-what-was-said-in-parliament/meeting-of-parliament-26-01-2016?meeting=10333&iob=95047,official-report/parliament-official-report-26-01-2016-meeting-10333_retrieved-2026-09-18.html,2026-09-18,text/html; charset=utf-8,221434,dab360ffd67ef9e7a1e8687c76dccf9cff26415c1264c4b8f7e0fc956727c33f
https://www.parliament.scot/chamber-and-committees/official-report/search-what-was-said-in-parliament/meeting-of-parliament-26-01-2021?meeting=13077&iob=118361,official-report/parliament-official-report-26-01-2021-meeting-13077_retrieved-2026-09-18.html,2026-09-18,text/html; charset=utf-8,198740,9e5df37dffd7e1933b27ce1dd0b5f7382f08bb0003bb810933da8a8b30eb76fb
https://www.parliament.scot/chamber-and-committees/official-report/search-what-was-said-in-parliament/meeting-of-parliament-27-02-2003?meeting=4432&iob=31801,official-report/parliament-official-report-27-02-2003-meeting-4432_retrieved-2026-09-18.html,2026-09-18,text/html; charset=utf-8,196247,42ba22631e64ed06f8de3ab0a2d58f0c0eb2d778a48f25cd6333a498fd30cba6
https://www.parliament.scot/chamber-and-committees/official-report/search-what-was-said-in-parliament/meeting-of-parliament-27-05-2015?meeting=9970&iob=91581,official-report/parliament-official-report-27-05-2015-meeting-9970_retrieved-2026-09-18.html,2026-09-18,text/html; charset=utf-8,197506,9718e899a8ba3cce51a7404338b7837efd8612bd5f087c9db16a3c5d776264e8
https://www.parliament.scot/chamber-and-committees/official-report/search-what-was-said-in-parliament/meeting-of-parliament-31-01-2007?meeting=4703&iob=38089,official-report/parliament-official-report-31-01-2007-meeting-4703_retrieved-2026-09-18.html,2026-09-18,text/html; charset=utf-8,187297,2cce30d51896cbb99f7b798cb5fee528bed95623031709de0b362b76c0ed85b2
https://www.supremecourt.uk/cases/uksc-2018-0080,judgments/supremecourt-case-uksc-2018-0080_retrieved-2026-09-17.html,2026-09-17,text/html,119462,70ec07558ec981eed0fc546ccac4fe85b16c762bccc249566c2f13ec5d3046c3
